[{"id":"ce5ea5f2f74b0f17","type":"ui_text","z":"a9784692eb1a8f05","group":"e7d72ea2f814f849","order":5,"width":0,"height":0,"name":"","label":"The premium will be","format":"{{msg.payload}}","layout":"row-spread","className":"","x":1440,"y":120,"wires":[]},{"id":"e7d72ea2f814f849","type":"ui_group","name":"Enter the values","tab":"0960d8ea84089996","order":1,"disp":true,"width":"6","collapse":false,"className":""},{"id":"0960d8ea84089996","type":"ui_tab","name":"Prediction","icon":"dashboard","disabled":false,"hidden":false}]